{
    "rmse": 0.719614480541629,
    "mae": 0.5962839823882743,
    "r2": 0.16502705710078758
}